headings,P0,P1,P2,P3,labour
year1,1.4949999248981476,4.232500085830688,4.547499785423279,4.772499928474426,19
year2,1.5949999248981476,4.332500085830688,4.647499785423279,4.772499928474426,19.5
