headings,P0,P1,P2,P3
P0,0,0,0,0
P1,1,0,3,0
P2,1,0,3,0
P3,0,1,3,1
labour,7,5,2,5
output,2.0019502223673493,13.929752901197809,12.889350838198604,14.004874290818599
