headings,iron,coal,corn,bread,labour
year1,0.1,3,0.00,2.0,3.0
year2,0.1,3,0.00,2.010000,3.010000
year3,0.1,3,0.00,2.020000,3.020000
year4,0.1,3.10000,0.00,2.10000,3.030000
year5,0.1,3.10000,0.00,2.10000,3.070000 
